{
  "total_records": 20626,
  "unique_users": 507,
  "unique_items": 93,
  "unique_categories": 8,
  "avg_rating": 2.540349894336981,
  "rating_distribution": {
    "5.0": 3513,
    "4.0": 3475,
    "3.0": 3430,
    "2.0": 3373,
    "1.0": 3365,
    "0.0": 3350,
    "4.028920680899368": 1,
    "3.3728099473737": 1,
    "4.897062142916701": 1,
    "4.432989490662443": 1,
    "4.706458605323402": 1,
    "3.718680165788382": 1,
    "4.0916613021832156": 1,
    "3.960094569137185": 1,
    "4.18715088491079": 1,
    "4.202788552211484": 1,
    "4.931409376308949": 1,
    "4.344845510616171": 1,
    "4.149720881247147": 1,
    "4.414455672540155": 1,
    "4.96827585220563": 1,
    "3.0641727091131843": 1,
    "3.2419814444358224": 1,
    "4.369358446088494": 1,
    "4.266841824039319": 1,
    "3.1984573624938086": 1,
    "4.8062195048737895": 1,
    "4.391095906967836": 1,
    "4.721789332665697": 1,
    "4.12975871298943": 1,
    "3.6008684342547106": 1,
    "4.421157652400657": 1,
    "4.791549481266956": 1,
    "4.16712614858936": 1,
    "4.500270449849879": 1,
    "3.7820565764950826": 1,
    "3.3565944042970877": 1,
    "4.961709717546269": 1,
    "4.559420471389061": 1,
    "4.609450127673593": 1,
    "4.215242173396713": 1,
    "4.646966501349481": 1,
    "4.918126209250804": 1,
    "4.160477410313934": 1,
    "4.541370828256449": 1,
    "4.323500693081323": 1,
    "4.59889874318122": 1,
    "4.727748013602289": 1,
    "4.985311352843404": 1,
    "4.730031424781597": 1,
    "4.948865879828208": 1,
    "4.2066978870450935": 1,
    "4.553555533178858": 1,
    "4.916373714255327": 1,
    "4.657814477068126": 1,
    "4.012942968685656": 1,
    "4.679996142205018": 1,
    "4.6433978387406": 1,
    "4.24826412092892": 1,
    "4.374451336938123": 1,
    "4.332935193508291": 1,
    "4.183334798110385": 1,
    "4.863899706312906": 1,
    "4.605811914128261": 1,
    "4.968994861286861": 1,
    "4.520098718464997": 1,
    "4.889220529102033": 1,
    "4.296923599343499": 1,
    "4.472181720842405": 1,
    "4.659461991242402": 1,
    "4.219159268320817": 1,
    "4.31979366147522": 1,
    "4.1342884048950586": 1,
    "4.1472988391739225": 1,
    "4.509751294407371": 1,
    "4.6597963086643865": 1,
    "4.932060834074548": 1,
    "4.900659866066323": 1,
    "4.842343413860311": 1,
    "4.5705751213616885": 1,
    "4.6494557194077375": 1,
    "4.602174345516662": 1,
    "4.289580228758589": 1,
    "4.9688745952898845": 1,
    "4.245680173584473": 1,
    "4.007928385339947": 1,
    "4.142962438340888": 1,
    "4.786491089051996": 1,
    "4.578550158883632": 1,
    "4.508867642805733": 1,
    "4.063507107949076": 1,
    "4.48782906599756": 1,
    "4.448532801400121": 1,
    "4.189923848494829": 1,
    "4.423383676983146": 1,
    "4.323591925620655": 1,
    "4.1486355679499525": 1,
    "4.911360508743201": 1,
    "4.092867393481434": 1,
    "4.145378358374886": 1,
    "4.461024105047947": 1,
    "4.039536597101213": 1,
    "4.4223295313011795": 1,
    "4.277775435291436": 1,
    "4.947385085324665": 1,
    "4.723425741281991": 1,
    "4.916245847968828": 1,
    "4.4371041950121795": 1,
    "4.554383184081438": 1,
    "4.864324352351616": 1,
    "4.76370063492993": 1,
    "4.916922494455292": 1,
    "4.793225164910874": 1,
    "4.680789716892422": 1,
    "4.12638328324282": 1,
    "4.289472978442713": 1,
    "4.859819838170087": 1,
    "4.974363694809333": 1,
    "4.533075064573192": 1,
    "4.374603435686008": 1,
    "4.805850936495492": 1,
    "4.17685814147235": 1,
    "4.887971033543201": 1,
    "4.14301477551321": 1,
    "4.290040466599644": 1,
    "3.5158941927694976": 1
  },
  "top_users": {
    "Isabella": 90,
    "Alicia": 76,
    "Lisa": 72,
    "Jacqueline": 64,
    "Adam": 62,
    "Leslie": 60,
    "Cody": 57,
    "Christian": 57,
    "Derek": 57,
    "Dale": 56
  },
  "top_items": {
    "Coffee": 5490,
    "Bread": 3346,
    "Tea": 1443,
    "Cake": 1044,
    "Pastry": 864,
    "Sandwich": 771,
    "Medialuna": 616,
    "Hot chocolate": 598,
    "Cookies": 548,
    "Brownie": 379
  },
  "category_distribution": {
    "Pure Veg": 9770,
    "Beverages": 8028,
    "Desserts": 1232,
    "Sandwiches": 1139,
    "Rolls": 245,
    "Salads": 99,
    "Cakes": 77,
    "Food": 36
  },
  "daypart_distribution": {
    "Afternoon": 11594,
    "Morning": 8474,
    "Evening": 541,
    "Night": 17
  },
  "daytype_distribution": {
    "Weekday": 12913,
    "Weekend": 7713
  },
  "last_updated": "2025-07-05T01:52:44.642594"
}